F1,F2,F3,F4,F5,F6,F7,F8,F9,F10,F11,F12,F13,F14,F15,F16,F17,F18,F19,F20,F21,F22,F23,F24,F25,F26,F27,F28,F29,F30,F31,F32,F33,F34,F35,F36,F37,F38,F39,F40,F41,F42,F43,F44,F45,F46,F47,F48,F49,F50,F51,F52,F53,F54,F55,F56,F57,F58,F59,F60,F61,F62,F63,F64,KELAS
0.643889496,0.641699656,0.643121824,0.641668548,0.64146162,0.641699656,0.640735766,0.641668548,0.640120395,0.638946503,0.639060054,0.638879167,3.281262226,4.610771917,3.598586659,4.511090539,5.486023217,4.610771917,6.177209052,4.511090539,7.374185636,7.68233164,8.336504121,7.54992335,117.6398792,241.3678087,146.8444787,236.3039104,361.0794989,241.3678087,453.7767486,236.3039104,613.6019133,647.5581092,766.5808624,639.940461,0.720235438,0.707642447,0.721829209,0.708619491,0.704222755,0.707642447,0.703949187,0.708619491,0.695827951,0.693912363,0.695694844,0.695386851,200.5174976,87.29258056,206.8384131,80.73827256,209.0947681,78.69429618,7619.994621,6518.668655,6192.792252,0.000908261,1.20E-09,1.17E-12,6.19E-13,-2.37E-25,1.73E-17,-4.70E-25,Butterfly;;;;;;;;;;;;;;;;;;;;;;;;;;;;;;;;;;;;;;;;;;;;;;;;;;;;;;;;;;;;;;;;
0.489813552,0.483051517,0.491491831,0.483291734,0.480936083,0.483051517,0.482168599,0.483291734,0.477025469,0.471971745,0.478343094,0.472211885,2.82158869,4.020368306,2.828483577,3.602034407,5.123345802,4.020368306,5.154552376,3.602034407,7.119695628,7.158698903,7.199336129,6.41388623,134.9737993,259.0942213,119.1391524,198.8311753,414.6500675,259.0942213,376.3254954,198.8311753,722.4903385,707.7169348,666.2847226,560.4758427,0.721404406,0.681287717,0.711065517,0.681700135,0.666583749,0.681287717,0.655143243,0.681700135,0.641130472,0.629683992,0.627885957,0.630229612,167.5002096,110.2655091,182.966039,95.54852424,202.6955554,87.55826303,12158.48251,9129.520484,7666.449425,0.001021108,1.09E-08,1.33E-12,6.14E-12,1.75E-23,-2.51E-16,-8.42E-25,Butterfly;;;;;;;;;;;;;;;;;;;;;;;;;;;;;;;;;;;;;;;;;;;;;;;;;;;;;;;;;;;;;;;;
0.654212939,0.652320128,0.654296904,0.65259311,0.651427597,0.652320128,0.651590118,0.65259311,0.648313014,0.648087401,0.648529833,0.648579,0.825711568,0.999737078,0.847239954,1.204378227,1.386970355,0.999737078,1.412353437,1.204378227,1.887717491,1.693253245,1.912872262,1.960746778,24.29001903,30.21441881,25.39250631,44.91895136,51.42702522,30.21441881,53.76649494,44.91895136,73.59039225,59.66474852,76.55563251,80.78819003,0.906086312,0.890327492,0.907161084,0.889959208,0.872424471,0.890327492,0.873875346,0.889959208,0.845687871,0.849951512,0.847519484,0.851124452,25.03332193,44.06889301,8.904615063,16.52134745,32.1880548,62.25080139,1942.067331,272.9549217,3875.162274,0.004622167,3.07E-06,5.21E-08,4.92E-09,-7.87E-17,-8.62E-12,2.14E-18,Butterfly;;;;;;;;;;;;;;;;;;;;;;;;;;;;;;;;;;;;;;;;;;;;;;;;;;;;;;;;;;;;;;;;
0.042879644,0.037242175,0.044015169,0.038294903,0.034584094,0.037242175,0.036063754,0.038294903,0.030610371,0.030039467,0.032122504,0.031260536,3.08005169,4.486096688,3.289933936,4.322496387,5.587702139,4.486096688,5.905829997,4.322496387,7.56336792,7.571011024,7.896058882,7.403941134,55.47638346,115.8901273,68.7836057,115.4479584,182.2499717,115.8901273,218.9764646,115.4479584,324.0508299,324.7663829,375.4101345,334.8113413,0.527443071,0.45480251,0.530559104,0.468347832,0.420454405,0.45480251,0.431499175,0.468347832,0.365192866,0.356982935,0.381236797,0.373675802,28.51850043,46.86235751,97.9475217,71.39224533,137.2141233,67.41232178,2196.080552,5096.852693,4544.421128,0.002110722,1.24E-06,1.89E-10,4.59E-11,-1.77E-21,-2.46E-14,-3.89E-21,Butterfly;;;;;;;;;;;;;;;;;;;;;;;;;;;;;;;;;;;;;;;;;;;;;;;;;;;;;;;;;;;;;;;;
0.031579076,0.027563457,0.031384953,0.026806578,0.024624879,0.027563457,0.024453648,0.026806578,0.021645046,0.022112716,0.021587225,0.021357705,5.529738958,7.12987577,5.568458455,7.880127588,10.08371428,7.12987577,10.19798319,7.880127588,13.69565313,12.42501411,13.91248718,13.53424838,131.1095385,212.7914112,120.4792092,251.5717424,429.8663794,212.7914112,399.9533065,251.5717424,762.2048802,622.0445555,721.2995055,710.6231835,0.391517207,0.330857233,0.384291922,0.31879779,0.284557239,0.330857233,0.279265269,0.31879779,0.234267,0.240396091,0.231656764,0.22918326,29.96986914,50.49260997,84.73601599,55.87195444,108.6902217,85.01365282,2549.503661,3121.675292,7227.321166,0.001923842,9.33E-07,3.44E-10,1.29E-10,2.30E-20,1.04E-13,-1.45E-20,Butterfly;;;;;;;;;;;;;;;;;;;;;;;;;;;;;;;;;;;;;;;;;;;;;;;;;;;;;;;;;;;;;;;;
0.029562324,0.025869206,0.029631452,0.026250562,0.023881119,0.025869206,0.02407453,0.026250562,0.021356009,0.021244374,0.021662716,0.021723764,6.36944514,8.621352651,6.314820534,8.324259665,11.44625313,8.621352651,11.20662207,8.324259665,15.64872647,14.88153704,15.06424414,14.14002816,251.1895995,458.9022672,260.9047538,446.4099971,770.212665,458.9022672,777.561112,446.4099971,1297.37229,1186.613421,1263.500957,1133.621969,0.389627269,0.320404786,0.392717286,0.335285615,0.28730469,0.320404786,0.290621278,0.335285615,0.240553879,0.233917714,0.244841101,0.249123199,118.2576479,99.72304347,132.2237104,84.82490771,143.9880583,104.6863226,9944.685399,7195.264968,10959.22614,0.001148446,7.79E-09,6.60E-12,1.01E-12,-1.95E-24,7.32E-17,1.72E-24,Butterfly;;;;;;;;;;;;;;;;;;;;;;;;;;;;;;;;;;;;;;;;;;;;;;;;;;;;;;;;;;;;;;;;
0.028774945,0.024128072,0.027430071,0.023876855,0.02252315,0.024128072,0.021764276,0.023876855,0.020185754,0.019860145,0.019519781,0.019359138,10.28941172,14.10919824,12.34226044,15.37753507,15.86695191,14.10919824,19.13541752,15.37753507,19.40842305,20.32309353,23.26353306,22.55747437,465.2931179,762.1696697,621.6052007,953.7173681,939.6280907,762.1696697,1356.446483,953.7173681,1256.94904,1314.993275,1803.471508,1752.035078,0.249507213,0.1878153,0.226008988,0.189993395,0.172170523,0.1878153,0.160374316,0.189993395,0.1437367,0.133910877,0.132649558,0.133834958,80.23194048,64.29733845,116.5621076,58.32635836,89.4138402,60.00797997,4134.147732,3401.96408,3600.95766,0.001330395,9.85E-09,4.16E-11,5.85E-12,9.04E-23,5.73E-16,-1.37E-23,Butterfly;;;;;;;;;;;;;;;;;;;;;;;;;;;;;;;;;;;;;;;;;;;;;;;;;;;;;;;;;;;;;;;;
0.209958022,0.20279265,0.203209577,0.202694649,0.209788301,0.20279265,0.198266452,0.202694649,0.207762106,0.198049276,0.193172758,0.198016298,3.898996752,6.801815528,4.945566388,5.560115375,6.733931892,6.801815528,8.738303073,5.560115375,8.952655486,11.41961969,11.87879318,9.475847923,106.6216481,352.4726944,217.4753946,242.329755,314.1646385,352.4726944,553.195973,242.329755,518.2111461,826.3637304,881.0410948,588.8711052,0.549880906,0.463155836,0.506319561,0.461032442,0.458965581,0.463155836,0.405010026,0.461032442,0.407192365,0.379737673,0.352757857,0.374937599,57.00321181,56.00530539,109.2431076,86.51543189,93.82826389,74.42342874,3136.594232,7484.919955,5538.846745,0.001568547,7.24E-07,4.10E-12,3.10E-11,2.56E-22,2.16E-14,2.37E-22,Butterfly;;;;;;;;;;;;;;;;;;;;;;;;;;;;;;;;;;;;;;;;;;;;;;;;;;;;;;;;;;;;;;;;
0.020429822,0.017800159,0.020227374,0.017995824,0.016659869,0.017800159,0.016308678,0.017995824,0.015084538,0.014722333,0.014518911,0.015077123,6.380814963,8.916362136,6.533064171,8.610702689,11.14017671,8.916362136,11.60721716,8.610702689,14.78899531,15.0787224,15.64606989,14.36795439,210.1301162,417.890803,226.5706791,374.5048439,640.4328353,417.890803,694.0789169,374.5048439,1066.904451,1115.039498,1176.61036,992.5685423,0.296670752,0.231635176,0.292307442,0.24013376,0.207409941,0.231635176,0.199414752,0.24013376,0.169219694,0.159660249,0.160956565,0.168944858,169.6722933,78.84286188,96.03495467,75.35209084,121.7511253,69.59123219,6216.19687,5677.937594,4842.939597,0.001596467,1.49E-07,1.11E-10,9.05E-11,3.69E-21,2.53E-14,-8.27E-21,Butterfly;;;;;;;;;;;;;;;;;;;;;;;;;;;;;;;;;;;;;;;;;;;;;;;;;;;;;;;;;;;;;;;;
0.044044482,0.036427059,0.042939654,0.036986432,0.034352337,0.036427059,0.034029701,0.036986432,0.03003625,0.028992384,0.029999155,0.029686559,4.275908748,6.834369296,5.45971367,5.97008966,7.016776042,6.834369296,8.750092564,5.97008966,8.885956712,10.48686157,10.94829932,8.881611763,122.3035919,274.8336047,169.9709575,203.7553247,319.8355825,274.8336047,414.0429836,203.7553247,483.0014008,581.8584942,593.5164811,416.5204936,0.491681984,0.377131039,0.43818019,0.383867956,0.370948772,0.377131039,0.327307815,0.383867956,0.307322024,0.272154328,0.270808911,0.2831386,46.88698925,61.7935132,120.9637358,55.96160693,94.60796928,57.86053821,3818.438273,3131.70145,3347.841882,0.001764903,4.98E-07,5.37E-11,4.03E-11,6.82E-22,2.65E-14,-1.75E-21,Butterfly;;;;;;;;;;;;;;;;;;;;;;;;;;;;;;;;;;;;;;;;;;;;;;;;;;;;;;;;;;;;;;;;
0.055999599,0.048333685,0.057144423,0.048621136,0.04411164,0.048333685,0.044878528,0.048621136,0.038569903,0.03868228,0.039252543,0.038852942,3.883478129,5.272924469,3.968969121,5.497470895,7.113645868,5.272924469,7.25944127,5.497470895,9.853588128,9.251722052,10.0068926,9.697272091,89.91317966,159.3291071,94.93024861,181.8005448,294.2926319,159.3291071,310.0517143,181.8005448,533.4849667,468.6057582,557.2528433,525.8599854,0.510763899,0.440769811,0.513267425,0.440624162,0.393509826,0.440769811,0.39818326,0.440624162,0.330118463,0.333561533,0.336169304,0.334230482,96.7364139,42.05297221,161.2338262,59.69147283,170.135564,43.00313261,1768.452472,3563.071929,1849.269414,0.001269119,4.68E-07,1.87E-12,1.22E-12,-1.59E-24,-8.32E-16,9.48E-25,Butterfly;;;;;;;;;;;;;;;;;;;;;;;;;;;;;;;;;;;;;;;;;;;;;;;;;;;;;;;;;;;;;;;;
0.030956484,0.025164303,0.029263079,0.02604384,0.024290656,0.025164303,0.022584249,0.02604384,0.021040771,0.019617834,0.019382571,0.020622909,6.236519199,9.170431521,7.093505843,8.62734775,10.74780936,9.170431521,12.13217113,8.62734775,14.36515634,15.22464793,16.05453378,14.22628662,247.8537813,541.5404249,339.1067668,476.7463329,709.6714158,541.5404249,916.7203484,476.7463329,1163.540628,1304.891894,1430.803551,1153.776812,0.46180662,0.379530356,0.442962332,0.393084455,0.361854851,0.379530356,0.333475269,0.393084455,0.304049493,0.273681038,0.270418307,0.2949491,42.80848333,53.62066392,121.3040417,63.96387679,117.5032028,73.97960196,2875.175599,4091.377534,5472.981506,0.00143158,2.83E-08,3.42E-11,1.13E-11,-1.96E-22,1.89E-15,1.02E-22,Butterfly;;;;;;;;;;;;;;;;;;;;;;;;;;;;;;;;;;;;;;;;;;;;;;;;;;;;;;;;;;;;;;;;
0.019362726,0.016812384,0.020546251,0.017439197,0.015235405,0.016812384,0.016178354,0.017439197,0.013826637,0.014133991,0.01480128,0.014715039,7.744922594,10.76440492,7.719823939,9.616963064,12.64730773,10.76440492,12.49905208,9.616963064,15.66818319,15.87217993,15.26684194,14.36556168,212.3339426,395.7145007,211.3084687,320.6325445,547.152103,395.7145007,548.5986079,320.6325445,794.4271384,807.5603207,790.5931232,705.0677641,0.214486053,0.166019941,0.227316754,0.177408146,0.140567864,0.166019941,0.153489986,0.177408146,0.115247724,0.11725114,0.130026394,0.126988034,61.04190623,84.96481699,89.17820522,59.4531723,51.50779405,47.0608871,7219.020126,3534.679696,2214.727095,0.00220357,2.06E-07,1.05E-10,2.46E-10,-3.27E-20,3.86E-14,-2.24E-20,Butterfly;;;;;;;;;;;;;;;;;;;;;;;;;;;;;;;;;;;;;;;;;;;;;;;;;;;;;;;;;;;;;;;;
0.03995139,0.034559225,0.040947562,0.034383857,0.03157605,0.034559225,0.03251051,0.034383857,0.027922578,0.028124953,0.029090714,0.028061848,4.958629071,6.397214617,4.727672414,6.476160525,8.591943186,6.397214617,8.072508485,6.476160525,11.35257093,10.53770724,10.49722635,10.57664602,259.5588721,410.8591368,227.5281773,427.8095,734.7612934,410.8591368,636.830324,427.8095,1137.383444,987.2530494,982.8840476,999.1713597,0.545705014,0.476663412,0.563495258,0.474589218,0.425619976,0.476663412,0.446315615,0.474589218,0.363978876,0.369438167,0.388127362,0.367417484,44.25741935,35.17361054,138.2955822,70.62500524,166.7315392,51.69271487,1237.182878,4987.891365,2672.136771,0.001332298,3.09E-07,1.92E-11,3.80E-12,-1.62E-23,-5.73E-16,2.81E-23,Butterfly;;;;;;;;;;;;;;;;;;;;;;;;;;;;;;;;;;;;;;;;;;;;;;;;;;;;;;;;;;;;;;;;
0.020523131,0.018250477,0.020659459,0.018403359,0.017303879,0.018250477,0.017089011,0.018403359,0.01647506,0.016502892,0.016081805,0.016533382,3.884097001,5.013645368,3.868063827,4.77542014,5.541539912,5.013645368,5.799514131,4.77542014,6.246344125,6.399152112,6.785592847,6.197357613,38.51087425,69.57120903,38.71349392,54.81352866,85.17605472,69.57120903,94.24276945,54.81352866,117.5714469,130.4498137,140.6745606,108.1362235,0.279157557,0.229368027,0.281026876,0.231324734,0.208211868,0.229368027,0.204247359,0.231324734,0.190333808,0.191583621,0.183838646,0.191716069,72.88033408,53.41303838,99.26281403,48.89589923,91.80525777,61.53657414,2852.952669,2390.808961,3786.749957,0.001826591,2.27E-07,1.05E-10,7.20E-11,6.19E-21,3.31E-14,1.01E-21,Butterfly;;;;;;;;;;;;;;;;;;;;;;;;;;;;;;;;;;;;;;;;;;;;;;;;;;;;;;;;;;;;;;;;
0.031661989,0.025641022,0.029017835,0.026534143,0.024441558,0.025641022,0.022462778,0.026534143,0.021342338,0.020127129,0.019694201,0.020914188,4.45335382,7.14670091,5.714139902,6.574414311,7.668689706,7.14670091,9.646181818,6.574414311,9.823436016,11.41217768,12.1226339,10.19053759,89.2749004,190.653117,124.9389766,178.3422007,246.7726701,190.653117,340.1664318,178.3422007,374.2131429,446.7579544,508.1794566,395.4356629,0.38456422,0.291382337,0.345467801,0.309938889,0.27494224,0.291382337,0.244989664,0.309938889,0.225582263,0.204344473,0.200055723,0.219418688,72.53234562,38.70062807,154.9061119,62.80633125,127.6501834,49.48351603,1497.738613,3944.635245,2448.618359,0.001532343,5.92E-07,1.32E-11,1.85E-11,2.59E-22,1.40E-14,1.28E-22,Cricket;;;;;;;;;;;;;;;;;;;;;;;;;;;;;;;;;;;;;;;;;;;;;;;;;;;;;;;;;;;;;;;;
0.019669447,0.014735953,0.017233565,0.016199618,0.016706317,0.014735953,0.013667029,0.016199618,0.015592992,0.012155533,0.012220736,0.01319371,7.810015291,13.81760719,9.761427546,10.39888654,13.75820079,13.81760719,16.98825736,10.39888654,18.31285729,22.61717349,22.34889652,17.75124043,194.1482399,576.7902672,336.9536156,367.7855058,554.6140932,576.7902672,869.1875943,367.7855058,910.4736824,1309.966541,1347.4527,925.7981623,0.241929999,0.145148688,0.209771519,0.180836753,0.16653031,0.145148688,0.125972613,0.180836753,0.138189231,0.08449597,0.094172558,0.110456237,81.62306558,62.68346411,124.6882547,63.38423911,101.9068789,59.48017753,3929.216673,4017.561767,3537.891519,0.001944256,1.29E-06,1.03E-11,3.25E-11,9.83E-23,8.34E-15,-5.86E-22,Cricket;;;;;;;;;;;;;;;;;;;;;;;;;;;;;;;;;;;;;;;;;;;;;;;;;;;;;;;;;;;;;;;;
0.536053732,0.528724918,0.53468026,0.528466072,0.53063559,0.528724918,0.526374738,0.528466072,0.525683334,0.518725405,0.52008991,0.517929802,1.557829179,2.133644134,1.959771539,2.756237227,2.818264852,2.133644134,3.616381423,2.756237227,3.85702012,3.74974113,5.029840189,4.858578113,32.16551845,49.57592081,40.49057859,85.02211514,102.8488694,49.57592081,135.951551,85.02211514,184.9134731,151.674459,253.6281831,247.61775,0.808943994,0.772675805,0.78579389,0.765526718,0.775155214,0.772675805,0.754293694,0.765526718,0.75613323,0.739443109,0.736177481,0.733487635,204.2663136,73.09221877,212.1033919,62.47000158,219.2368219,50.99438314,5342.472445,3902.501098,2600.427112,0.0009439,1.52E-07,3.90E-13,1.88E-12,1.60E-24,7.29E-16,1.44E-25,Cricket;;;;;;;;;;;;;;;;;;;;;;;;;;;;;;;;;;;;;;;;;;;;;;;;;;;;;;;;;;;;;;;;
0.054437091,0.045434347,0.051312031,0.045533214,0.044124445,0.045434347,0.042364787,0.045533214,0.03997211,0.038338653,0.038207945,0.038229527,6.160602682,8.177325433,6.883350254,8.952192588,10.14141414,8.177325433,11.58411565,8.952192588,12.83969323,13.00015409,15.09312821,14.17711615,187.1816831,282.746125,210.8395262,370.7408281,478.8605518,282.746125,573.282517,370.7408281,721.7166446,673.9937509,907.3956239,815.8025099,0.433279214,0.356221943,0.403907581,0.356002167,0.346590524,0.356221943,0.323593262,0.356002167,0.305150435,0.28558723,0.281981865,0.282116216,158.6239899,72.051891,165.306734,59.08552543,175.3376936,45.30940047,5191.474997,3491.099315,2052.941771,0.001102785,1.63E-07,9.09E-12,2.46E-12,-4.60E-24,-9.81E-16,1.07E-23,Cricket;;;;;;;;;;;;;;;;;;;;;;;;;;;;;;;;;;;;;;;;;;;;;;;;;;;;;;;;;;;;;;;;
0.036779306,0.029318563,0.033734266,0.029133788,0.027846409,0.029318563,0.025349137,0.029133788,0.024589365,0.022480497,0.022356572,0.022302257,4.515577563,6.704173025,5.742467456,7.653836294,8.282476666,6.704173025,10.58097077,7.653836294,11.34132995,11.62981972,14.61021808,13.41091597,65.14325838,144.4583817,106.448877,179.1736963,215.6458625,144.4583817,350.8218953,179.1736963,403.3742854,433.0023046,650.5744344,541.9203143,0.346975491,0.257967795,0.304911235,0.243940377,0.233143808,0.257967795,0.197961063,0.243940377,0.186183429,0.169334479,0.155455231,0.159862749,157.1886428,86.42979494,168.9468286,80.37879561,180.0165175,72.12764216,7470.109453,6460.750783,5202.396764,0.001275785,3.39E-07,2.10E-12,4.64E-12,1.44E-23,2.24E-15,-1.78E-24,Cricket;;;;;;;;;;;;;;;;;;;;;;;;;;;;;;;;;;;;;;;;;;;;;;;;;;;;;;;;;;;;;;;;
0.034494923,0.025688641,0.030159383,0.028970118,0.025626555,0.025688641,0.0223913,0.028970118,0.021634636,0.019078363,0.018848452,0.022057807,4.86304317,7.78521795,5.794245627,6.308972731,8.261142341,7.78521795,9.84891487,6.308972731,10.73772,12.41235096,12.75999634,10.12492397,111.1381727,272.3462892,155.1658637,169.7121726,300.1710704,272.3462892,401.6940373,169.7121726,471.5158641,576.5458856,598.8069414,404.1772107,0.392540191,0.266315606,0.33353529,0.313117207,0.266055871,0.266315606,0.217851146,0.313117207,0.206656037,0.166638597,0.163282248,0.211100042,101.7479535,43.24615323,133.0430534,51.28727957,145.838815,55.17907732,1870.22977,2630.385046,3044.730573,0.001633497,7.50E-07,2.30E-11,1.77E-11,2.81E-22,1.02E-14,2.23E-22,Cricket;;;;;;;;;;;;;;;;;;;;;;;;;;;;;;;;;;;;;;;;;;;;;;;;;;;;;;;;;;;;;;;;
0.808052687,0.80369353,0.805295019,0.803965276,0.805692915,0.80369353,0.801864538,0.803965276,0.803413788,0.799528095,0.798546771,0.799815879,1.205329508,2.696404985,2.440024373,2.473363237,2.016954023,2.696404985,3.940555168,2.473363237,2.606497471,4.266308821,5.034690126,3.871245687,41.1439141,172.4202946,142.0861943,146.2396851,110.7217172,172.4202946,342.5864089,146.2396851,174.4111722,377.9123045,489.5777311,329.847078,0.880437457,0.848890283,0.853734615,0.85128876,0.85927621,0.848890283,0.838326154,0.85128876,0.84905659,0.833623817,0.829507712,0.836201147,236.4263542,54.86704496,238.4384332,49.48952772,240.7490842,43.17056456,3010.392623,2449.213354,1863.697645,0.000861989,1.98E-07,5.52E-14,1.72E-13,1.60E-26,7.11E-17,-4.82E-27,Cricket;;;;;;;;;;;;;;;;;;;;;;;;;;;;;;;;;;;;;;;;;;;;;;;;;;;;;;;;;;;;;;;;
0.690645901,0.68627463,0.688405748,0.686295588,0.686895792,0.68627463,0.683876629,0.686295588,0.684718878,0.681652634,0.681250698,0.681772323,1.726439904,2.612822612,2.343995266,3.002408754,3.200161184,2.612822612,4.399608234,3.002408754,4.495388227,4.744589716,6.25478308,5.500752903,47.39566827,108.5233484,86.7834704,142.3719364,161.0200108,108.5233484,289.7338451,142.3719364,304.4521861,332.0771653,535.4055118,435.3149982,0.788480156,0.764346283,0.776721419,0.759558773,0.756157071,0.764346283,0.746120257,0.759558773,0.743077649,0.7392328,0.733452234,0.735711087,202.0433519,92.7753226,203.4584699,89.88285156,208.7386825,81.06126166,8607.260484,8078.927005,6570.928141,0.001126011,4.25E-07,1.21E-11,1.92E-11,2.90E-22,1.24E-14,-4.20E-23,Cricket;;;;;;;;;;;;;;;;;;;;;;;;;;;;;;;;;;;;;;;;;;;;;;;;;;;;;;;;;;;;;;;;
0.64125583,0.632193969,0.636802314,0.63240205,0.632122463,0.632193969,0.627848418,0.63240205,0.626544272,0.620326923,0.619277506,0.620178283,5.640896359,8.633626864,7.720317178,7.911025009,8.220120922,8.633626864,10.38097703,7.911025009,9.74336533,11.31327673,12.17568655,10.71229011,331.2948646,690.1323706,533.433547,573.1920395,684.3520107,690.1323706,929.549134,573.1920395,887.7859966,1055.92209,1167.931037,954.5891993,0.736360944,0.712129037,0.723938411,0.713907697,0.710576543,0.712129037,0.70371923,0.713907697,0.697079457,0.688118428,0.68577184,0.687221059,225.0041853,66.07348334,225.9037156,64.92450979,228.3608863,59.82447658,4365.7052,4215.191971,3578.967999,0.000879089,1.19E-07,4.40E-14,1.34E-13,4.46E-27,6.59E-18,-9.33E-27,Cricket;;;;;;;;;;;;;;;;;;;;;;;;;;;;;;;;;;;;;;;;;;;;;;;;;;;;;;;;;;;;;;;;
0.565417197,0.544610979,0.561145882,0.543942557,0.545788973,0.544610979,0.538601259,0.543942557,0.528232799,0.513256246,0.518364827,0.512091667,3.366241122,3.985332545,3.738604227,4.925144521,5.187194237,3.985332545,5.533237121,4.925144521,6.233709719,5.464326281,6.53718315,6.688056486,131.9517886,181.7114646,160.0534147,272.2454563,305.2225114,181.7114646,335.2613628,272.2454563,428.2950997,330.398453,454.4482821,472.2190658,0.814483808,0.793608967,0.809481646,0.790644587,0.791324683,0.793608967,0.784753753,0.790644587,0.773804607,0.762233257,0.764671281,0.758116132,230.328008,60.77526626,234.5690513,52.69579602,238.2790949,45.35201003,3693.632989,2776.846919,2056.804814,0.000886174,2.16E-07,4.00E-14,2.85E-14,-8.33E-28,-1.08E-17,-4.79E-28,Cricket;;;;;;;;;;;;;;;;;;;;;;;;;;;;;;;;;;;;;;;;;;;;;;;;;;;;;;;;;;;;;;;;
0.033272757,0.028383737,0.032056621,0.029253513,0.027144805,0.028383737,0.026330058,0.029253513,0.025289676,0.024811595,0.024774543,0.025600781,2.424284522,3.482403923,2.600244157,3.269759152,4.062936508,3.482403923,4.415470318,3.269759152,5.378695107,5.603209529,5.842156616,5.249842835,22.50164372,44.73555634,26.4964712,44.95609077,68.79989557,44.73555634,84.44523202,44.95609077,129.3223003,128.2987234,158.7856072,140.141604,0.445612309,0.357797554,0.429212225,0.379619735,0.332404504,0.357797554,0.319125217,0.379619735,0.292634381,0.284093879,0.283455206,0.304944965,81.26792292,58.12530812,158.6294146,59.69282845,100.8668271,87.36553578,3378.551444,3563.233769,7632.736842,0.001349362,9.45E-08,7.23E-11,1.49E-11,4.85E-22,3.95E-15,-7.92E-23,Cricket;;;;;;;;;;;;;;;;;;;;;;;;;;;;;;;;;;;;;;;;;;;;;;;;;;;;;;;;;;;;;;;;
0.040748539,0.033880592,0.037646512,0.033403315,0.032088631,0.033880592,0.029883757,0.033403315,0.029172773,0.028456333,0.02710842,0.027733663,3.101001565,4.470958303,3.710075971,4.711838281,5.092194357,4.470958303,6.158244347,4.711838281,6.355639717,6.754268994,7.826865554,7.276732408,34.42643192,63.0834206,44.0221687,73.51686336,90.8419279,63.0834206,121.9170383,73.51686336,139.805467,144.0757431,197.3974969,176.5494203,0.396556618,0.30085868,0.34964637,0.294757864,0.279706355,0.30085868,0.245281512,0.294757864,0.235829139,0.223552582,0.205000559,0.2141399,31.46718359,33.09062369,166.1067969,33.89792998,137.3617773,34.92342074,1094.989376,1149.069657,1219.645316,0.001321622,3.70E-07,4.25E-12,1.17E-12,2.29E-24,3.01E-16,1.26E-24,Cricket;;;;;;;;;;;;;;;;;;;;;;;;;;;;;;;;;;;;;;;;;;;;;;;;;;;;;;;;;;;;;;;;
0.014164469,0.012220082,0.013574706,0.012217233,0.011400413,0.012220082,0.010886721,0.012217233,0.010390177,0.010244476,0.009967158,0.010238524,9.793859649,13.26391667,11.13019113,13.53013267,15.17715866,13.26391667,17.4007362,13.53013267,18.51095104,19.26529889,21.07670769,19.52056294,215.5348585,388.1546297,272.6100382,397.6425544,507.6446179,388.1546297,653.4910429,397.6425544,738.0664895,795.3047754,941.0274462,804.2686901,0.134412745,0.100312651,0.123561112,0.099895927,0.087390102,0.100312651,0.079323399,0.099895927,0.072030677,0.068454835,0.065761185,0.068901522,130.8556784,50.22087512,153.9448247,56.79356604,171.1644817,60.66190444,2522.136298,3225.509143,3679.86665,0.001235205,5.51E-08,5.85E-13,2.62E-12,-1.36E-25,2.08E-16,3.24E-24,Cricket;;;;;;;;;;;;;;;;;;;;;;;;;;;;;;;;;;;;;;;;;;;;;;;;;;;;;;;;;;;;;;;;
0.051156471,0.041911535,0.048027431,0.041170727,0.040859915,0.041911535,0.037919556,0.041170727,0.036770879,0.033790261,0.033598957,0.033097163,1.725757444,2.50953633,2.249801518,3.050910705,3.059828056,2.50953633,4.062074919,3.050910705,4.11775804,4.203884893,5.545811541,5.257263275,17.9777995,34.3140441,29.1593808,51.62265254,54.39434441,34.3140441,90.34490338,51.62265254,97.06542436,95.96907293,160.6829048,146.1425396,0.612097297,0.507628307,0.560589259,0.487265093,0.486811399,0.507628307,0.437509338,0.487265093,0.427168083,0.394252909,0.377701755,0.375899937,115.8778602,50.91785485,122.517662,48.78706124,131.3731395,45.28528033,2592.627942,2380.177344,2050.756615,0.001383417,1.71E-07,5.35E-12,1.85E-11,-5.75E-23,3.16E-15,-1.75E-22,Cricket;;;;;;;;;;;;;;;;;;;;;;;;;;;;;;;;;;;;;;;;;;;;;;;;;;;;;;;;;;;;;;;;
0.02454028,0.022419152,0.02668143,0.02178562,0.019656031,0.022419152,0.021154694,0.02178562,0.017797627,0.01855025,0.019074335,0.01793478,8.028010033,9.031024689,7.320703518,10.56180568,12.12676174,9.031024689,11.23734007,10.56180568,14.80547138,12.96237543,13.44707276,15.00864348,220.232291,262.3262298,197.9519263,380.172703,491.5036745,262.3262298,434.7427273,380.172703,710.601936,530.7401193,594.7097462,710.4298353,0.224604071,0.194003897,0.259266093,0.183016477,0.151649682,0.194003897,0.174505005,0.183016477,0.122803565,0.137516746,0.144480942,0.124870308,48.00791667,42.67548657,167.5883333,52.06865081,167.5045667,47.08807152,1821.197154,2711.144397,2217.286479,0.001291346,2.59E-07,3.48E-12,6.79E-12,7.12E-24,9.44E-16,3.22E-23,Cricket;;;;;;;;;;;;;;;;;;;;;;;;;;;;;;;;;;;;;;;;;;;;;;;;;;;;;;;;;;;;;;;;
0.030164019,0.025236247,0.030835032,0.028973319,0.022840555,0.025236247,0.023655949,0.028973319,0.019575378,0.019447387,0.02047477,0.022922196,4.23113549,6.656983288,4.834046948,5.183549898,7.385875051,6.656983288,8.362198925,5.183549898,9.834994597,10.88278959,10.97319865,8.543489628,78.68312234,198.5808523,112.6545755,124.9581441,227.1223181,198.5808523,312.4556667,124.9581441,377.3544271,460.892563,493.5217239,319.9327643,0.392546303,0.314515292,0.401610519,0.37319558,0.272858707,0.314515292,0.287697049,0.37319558,0.21753883,0.218298357,0.235832737,0.273146995,35.02270415,39.39340004,114.762,43.21480882,66.32762784,37.46374824,1551.839966,1867.519701,1403.532432,0.002072876,5.87E-07,9.85E-12,1.52E-11,-1.77E-22,-4.49E-15,-5.57E-23,Dragonfly;;;;;;;;;;;;;;;;;;;;;;;;;;;;;;;;;;;;;;;;;;;;;;;;;;;;;;;;;;;;;;;;
0.045014627,0.03627507,0.040831091,0.037711245,0.034716535,0.03627507,0.031558024,0.037711245,0.029970382,0.028147946,0.027242121,0.029561052,3.252283658,4.92972756,3.664457364,3.874261926,5.224579451,4.92972756,5.911389699,3.874261926,6.60065493,7.499160506,7.445769981,6.035128592,75.70960912,150.2591677,84.65837209,94.97970296,175.6194682,150.2591677,198.2019631,94.97970296,248.6553967,292.9065428,276.585705,200.1627707,0.521510504,0.404155303,0.466928362,0.423791941,0.384099668,0.404155303,0.337448597,0.423791941,0.313254533,0.284581058,0.274706073,0.304324864,48.85152979,27.2905056,115.2441095,35.62436525,96.92180354,37.53341234,744.7716957,1269.095399,1408.757042,0.001782505,2.12E-07,5.15E-12,2.09E-11,9.51E-23,3.95E-15,-1.95E-22,Dragonfly;;;;;;;;;;;;;;;;;;;;;;;;;;;;;;;;;;;;;;;;;;;;;;;;;;;;;;;;;;;;;;;;
0.025166162,0.02087373,0.023539783,0.021182569,0.019881747,0.02087373,0.018753459,0.021182569,0.018170477,0.017455525,0.017324447,0.017773031,5.946130841,8.165650393,5.585453574,7.666403568,9.542016043,8.165650393,9.430093708,7.666403568,11.19839357,12.12817312,11.79142589,11.57642602,162.5096716,279.510396,129.7962325,245.0476494,394.9640909,279.510396,374.055336,245.0476494,513.4150469,598.7384055,578.77145,557.1804732,0.337884495,0.255087975,0.30565837,0.260899645,0.239717495,0.255087975,0.211027185,0.260899645,0.204139601,0.186029358,0.179813717,0.190474416,58.41418667,55.84695364,139.856592,58.11683565,46.46633867,51.66232921,3118.882231,3377.566586,2668.996259,0.001746596,3.95E-07,9.78E-11,5.11E-12,-9.34E-23,-2.21E-15,6.59E-23,Dragonfly;;;;;;;;;;;;;;;;;;;;;;;;;;;;;;;;;;;;;;;;;;;;;;;;;;;;;;;;;;;;;;;;
0.085680376,0.07536263,0.083297612,0.075203542,0.07093316,0.07536263,0.070830884,0.075203542,0.06511042,0.065497846,0.067001537,0.065568843,4.406120259,6.093794942,4.74846157,5.388988273,6.8924422,6.093794942,7.012789623,5.388988273,8.57831537,9.005774676,8.56684354,7.704862947,146.4182838,259.5894747,164.3541918,195.9141207,312.0010169,259.5894747,319.4400812,195.9141207,447.5470009,493.2082937,448.5535341,361.887761,0.56425547,0.502449383,0.555304256,0.503310872,0.468975429,0.502449383,0.4720024,0.503310872,0.423813468,0.42686876,0.441277419,0.429075873,40.83821647,25.21241947,136.4130286,31.72192601,97.02263736,38.30774673,635.6660953,1006.28059,1467.483459,0.001464501,2.85E-08,3.51E-12,1.33E-13,5.09E-26,1.88E-17,-7.52E-26,Dragonfly;;;;;;;;;;;;;;;;;;;;;;;;;;;;;;;;;;;;;;;;;;;;;;;;;;;;;;;;;;;;;;;;
0.042445624,0.036738994,0.041221404,0.036281369,0.033928404,0.036738994,0.033581825,0.036281369,0.030631179,0.030913743,0.030795674,0.030290067,1.986517713,2.473308446,1.965474619,2.797390677,3.307170495,2.473308446,3.293700426,2.797390677,4.208163917,3.943002709,4.246423713,4.316393859,44.3680658,52.37447279,36.25646457,84.79791008,116.0979173,52.37447279,106.3753691,84.79791008,174.3664371,140.3433381,174.9958502,182.9938147,0.573802049,0.486533954,0.554904465,0.479441964,0.442868119,0.486533954,0.434793065,0.479441964,0.389090202,0.390867736,0.389577718,0.380395921,98.24836331,31.9038664,166.9407578,40.39802564,169.9034217,40.3573437,1017.856691,1632.000475,1628.715191,0.001086503,1.70E-07,3.47E-12,1.10E-13,-6.53E-26,-4.53E-17,-1.89E-26,Dragonfly;;;;;;;;;;;;;;;;;;;;;;;;;;;;;;;;;;;;;;;;;;;;;;;;;;;;;;;;;;;;;;;;
0.02015939,0.017735945,0.019632627,0.018045199,0.017132914,0.017735945,0.017262851,0.018045199,0.016598328,0.016564539,0.016932634,0.016868335,6.176614396,8.886960534,7.477659159,8.746730214,9.367738475,8.886960534,10.44243459,8.746730214,10.71380408,11.49059472,11.15917169,10.92802748,129.5682729,297.2160614,237.6749865,313.0120947,319.9193244,297.2160614,458.0670481,313.0120947,437.4587947,529.3621333,509.1702801,482.6444619,0.243267446,0.196257555,0.231552614,0.200361744,0.18624838,0.196257555,0.187899758,0.200361744,0.177071967,0.177106754,0.182695571,0.18045054,58.3224018,36.66555165,173.4063133,49.24743556,110.4765157,47.66485041,1344.362678,2425.309909,2271.937964,0.001246313,2.02E-07,2.53E-11,4.45E-11,1.44E-21,1.99E-14,4.02E-22,Dragonfly;;;;;;;;;;;;;;;;;;;;;;;;;;;;;;;;;;;;;;;;;;;;;;;;;;;;;;;;;;;;;;;;
0.025166162,0.02087373,0.023539783,0.021182569,0.019881747,0.02087373,0.018753459,0.021182569,0.018170477,0.017455525,0.017324447,0.017773031,5.946130841,8.165650393,5.585453574,7.666403568,9.542016043,8.165650393,9.430093708,7.666403568,11.19839357,12.12817312,11.79142589,11.57642602,162.5096716,279.510396,129.7962325,245.0476494,394.9640909,279.510396,374.055336,245.0476494,513.4150469,598.7384055,578.77145,557.1804732,0.337884495,0.255087975,0.30565837,0.260899645,0.239717495,0.255087975,0.211027185,0.260899645,0.204139601,0.186029358,0.179813717,0.190474416,58.41418667,55.84695364,139.856592,58.11683565,46.46633867,51.66232921,3118.882231,3377.566586,2668.996259,0.001746596,3.95E-07,9.78E-11,5.11E-12,-9.34E-23,-2.21E-15,6.59E-23,Dragonfly;;;;;;;;;;;;;;;;;;;;;;;;;;;;;;;;;;;;;;;;;;;;;;;;;;;;;;;;;;;;;;;;
0.06266223,0.052278977,0.060027649,0.051837554,0.048710686,0.052278977,0.046266973,0.051837554,0.042154245,0.041085342,0.039870752,0.040649358,3.872156863,4.789806122,4.203635225,5.301418091,5.853245614,4.789806122,5.960562291,5.301418091,6.91572982,6.753671386,6.772778476,6.772994359,239.4358281,329.6492318,263.8788063,403.4336953,489.5857811,329.6492318,470.9253951,403.4336953,607.0351401,555.1856418,541.671786,556.7348723,0.697230399,0.608846105,0.676010699,0.601168633,0.568734378,0.608846105,0.540128187,0.601168633,0.486071374,0.472038481,0.45453843,0.461952005,36.34712083,30.48213457,132.9728146,35.74098226,103.7882417,33.60900425,929.160528,1277.417813,1129.565167,0.001588087,2.14E-07,9.81E-12,1.46E-12,-5.25E-24,-4.96E-16,-1.63E-24,Dragonfly;;;;;;;;;;;;;;;;;;;;;;;;;;;;;;;;;;;;;;;;;;;;;;;;;;;;;;;;;;;;;;;;
0.054254522,0.045723374,0.055178511,0.04626365,0.042857535,0.045723374,0.044105692,0.04626365,0.036680273,0.035220471,0.038494684,0.035746415,3.141668841,4.616350678,3.459515413,4.33018763,5.45926386,4.616350678,5.903537736,4.33018763,7.134800839,7.17469935,7.537118822,7.024308571,81.34020746,158.2188009,92.08476358,137.9144966,229.1818711,158.2188009,245.8300183,137.9144966,355.7264937,331.2403029,362.3136567,339.4727047,0.602992519,0.511240388,0.596406073,0.514430156,0.479539806,0.511240388,0.474892513,0.514430156,0.401323479,0.377514013,0.403649886,0.385011801,50.04238281,41.86448329,79.32846354,42.42268844,62.69541667,49.25684666,1752.634962,1799.684495,2426.236943,0.002244657,5.54E-07,5.80E-11,1.26E-10,9.68E-21,-2.05E-14,-4.70E-21,Dragonfly;;;;;;;;;;;;;;;;;;;;;;;;;;;;;;;;;;;;;;;;;;;;;;;;;;;;;;;;;;;;;;;;
0.045890119,0.040692903,0.04606163,0.040554581,0.038059832,0.040692903,0.038188639,0.040554581,0.036902693,0.037229618,0.037179139,0.03716419,2.616312089,3.973277712,3.303032635,3.790911277,4.212702961,3.973277712,5.345060167,3.790911277,5.016010244,5.800410924,6.340742115,5.321464598,46.05856292,105.4854564,73.8703048,98.84159945,124.9368364,105.4854564,197.5991731,98.84159945,186.1542895,239.1816297,286.562115,207.0485652,0.525185676,0.454734508,0.524618889,0.455109897,0.416347872,0.454734508,0.418053187,0.455109897,0.396047582,0.400490466,0.401077089,0.400240896,38.67881413,27.98217105,130.1340246,33.13777552,117.8424916,37.26000206,783.0018965,1098.112166,1388.307753,0.001484408,2.69E-07,2.35E-11,3.69E-11,4.36E-22,1.80E-14,9.94E-22,Dragonfly;;;;;;;;;;;;;;;;;;;;;;;;;;;;;;;;;;;;;;;;;;;;;;;;;;;;;;;;;;;;;;;;
0.045872352,0.039077589,0.046678686,0.040375745,0.035494955,0.039077589,0.036333243,0.040375745,0.030239909,0.030273113,0.031155976,0.031515983,1.85967411,2.394119094,1.771721195,2.617902965,3.252140411,2.394119094,3.143914205,2.617902965,4.276394925,3.997406917,4.212543403,4.288677809,27.81168922,41.2536026,26.41417454,54.36424301,76.01257746,41.2536026,75.99755987,54.36424301,115.9453469,101.2187106,123.3719158,126.6121719,0.641117413,0.559916863,0.653867278,0.571521397,0.503238308,0.559916863,0.515914883,0.571521397,0.419120721,0.418967636,0.430429593,0.435493495,31.35463842,39.04530459,107.0578346,53.24889329,97.42913183,51.64934054,1524.535811,2835.444637,2667.654379,0.001826909,2.62E-07,2.09E-10,2.10E-10,2.13E-20,7.79E-14,-3.85E-20,Dragonfly;;;;;;;;;;;;;;;;;;;;;;;;;;;;;;;;;;;;;;;;;;;;;;;;;;;;;;;;;;;;;;;;
0.038100083,0.032936224,0.037553843,0.033539551,0.030617507,0.032936224,0.030711949,0.033539551,0.028426552,0.028486022,0.028856858,0.029111724,3.316276556,4.528345823,3.439216496,4.216500391,5.154710088,4.528345823,5.515545934,4.216500391,6.069066254,6.41565132,6.682789855,6.193488688,76.34026863,137.9946393,80.37150316,117.5383299,175.7249649,137.9946393,206.0561935,117.5383299,230.5217954,265.2920573,293.9205993,251.6668656,0.500064712,0.419866611,0.49207244,0.428173112,0.378696582,0.419866611,0.379960905,0.428173112,0.338740501,0.340273679,0.346687744,0.349771928,43.76828162,28.63699125,112.849719,37.81369601,108.892772,39.37465801,820.0772681,1429.875606,1550.363693,0.001644879,2.89E-07,1.86E-11,8.50E-12,9.53E-23,4.37E-15,4.82E-23,Dragonfly;;;;;;;;;;;;;;;;;;;;;;;;;;;;;;;;;;;;;;;;;;;;;;;;;;;;;;;;;;;;;;;;
0.040727651,0.033916908,0.037687707,0.03345461,0.032286757,0.033916908,0.030064981,0.03345461,0.028546321,0.027453363,0.02630451,0.026946365,3.203133356,7.017549774,6.310836729,6.480618486,4.920466996,7.017549774,9.816752033,6.480618486,6.063294638,10.64445759,12.24786356,10.01130914,65.62079262,371.6916138,306.7520832,276.9324693,139.8358331,371.6916138,697.1003374,276.9324693,199.2010779,779.6821493,980.706229,638.5004853,0.477697211,0.375106156,0.42889106,0.367169403,0.353450613,0.375106156,0.315081534,0.367169403,0.291459261,0.272900601,0.254793932,0.26399332,22.05778425,46.02983793,114.2739352,51.46510549,87.01994499,46.06966619,2118.745979,2648.657083,2122.414143,0.002041541,7.05E-07,8.97E-11,4.61E-11,2.91E-21,3.87E-14,-5.67E-22,Dragonfly;;;;;;;;;;;;;;;;;;;;;;;;;;;;;;;;;;;;;;;;;;;;;;;;;;;;;;;;;;;;;;;;
0.044091122,0.036402056,0.042330345,0.036474931,0.034781125,0.036402056,0.033973744,0.036474931,0.032315402,0.031385255,0.031966707,0.031608359,4.439223163,5.786620501,4.708756192,5.742444209,6.646675611,5.786620501,6.970404044,5.742444209,7.732131861,7.932140046,8.155510278,7.651737592,117.8439026,173.7220141,116.3509572,168.618425,226.3878884,173.7220141,229.0226434,168.618425,288.1453351,297.8433529,302.8695018,272.1627722,0.464677921,0.374090961,0.444132704,0.375661213,0.351608898,0.374090961,0.341479545,0.375661213,0.312230267,0.299982766,0.310101877,0.302600383,35.92737274,20.33404479,150.4007598,38.49231929,132.7594713,39.45969639,413.4733774,1481.658645,1557.067639,0.001543268,8.66E-07,2.54E-11,2.12E-11,4.93E-22,1.79E-14,3.39E-24,Dragonfly;;;;;;;;;;;;;;;;;;;;;;;;;;;;;;;;;;;;;;;;;;;;;;;;;;;;;;;;;;;;;;;;
0.046519553,0.039501152,0.047269738,0.039455211,0.035404679,0.039501152,0.035922364,0.039455211,0.03066591,0.030769038,0.030990904,0.030790417,3.823193111,5.23981277,4.204978027,5.418922565,6.242833061,5.23981277,6.746532292,5.418922565,7.903999182,7.954472348,8.368294989,8.162240221,120.5458702,208.4935656,137.7495318,216.7447594,298.6363498,208.4935656,329.8159651,216.7447594,442.8833978,431.0041943,474.719729,454.9512057,0.544493853,0.461101562,0.551961227,0.458979499,0.402742736,0.461101562,0.415104689,0.458979499,0.330706743,0.332560371,0.340684081,0.331245629,50.33004908,37.20351055,127.2669486,37.3009318,94.72353801,35.47588598,1384.101197,1391.359513,1258.538486,0.001655428,4.14E-07,1.05E-11,1.52E-12,5.80E-24,8.77E-16,-1.75E-24,Dragonfly;;;;;;;;;;;;;;;;;;;;;;;;;;;;;;;;;;;;;;;;;;;;;;;;;;;;;;;;;;;;;;;;
